/*
Navicat MySQL Data Transfer

Source Server         : haproxy 172.16.106.25 17066 root  abc123
Source Server Version : 50629
Source Host           : 172.16.106.25:17066
Source Database       : pls_dev

Target Server Type    : MYSQL
Target Server Version : 50629
File Encoding         : 65001

Date: 2019-05-21 16:32:31
*/

SET FOREIGN_KEY_CHECKS=0;

-- ----------------------------
-- Table structure for mem_department
-- ----------------------------
DROP TABLE IF EXISTS `mem_department`;
CREATE TABLE `mem_department` (
  `ID` varchar(32) NOT NULL,
  `NAME` varchar(32) DEFAULT NULL,
  `IS_EXPIRED` tinyint(4) DEFAULT '0',
  `IS_LOCKED` tinyint(4) DEFAULT '0',
  `IS_ENABLED` tinyint(4) DEFAULT '1',
  `TYPE` int(11) DEFAULT NULL,
  `STATUS` int(11) DEFAULT NULL,
  `CREATE_BY` varchar(32) DEFAULT NULL,
  `CREATE_TIME` datetime DEFAULT CURRENT_TIMESTAMP,
  `UPDATE_BY` varchar(32) DEFAULT NULL,
  `UPDATE_TIME` datetime DEFAULT CURRENT_TIMESTAMP,
  `EN_NAME` varchar(32) DEFAULT NULL,
  `PARENT_ID` varchar(32) DEFAULT NULL COMMENT '父类ID',
  PRIMARY KEY (`ID`),
  KEY `FK_MEM_DEPARTMENT_TO_MEM_DEPARTMENT` (`PARENT_ID`)
) ENGINE=InnoDB DEFAULT CHARSET=utf8;

-- ----------------------------
-- Records of mem_department
-- ----------------------------
INSERT INTO `mem_department` VALUES ('1', '1', '0', '0', '1', null, null, '', '2019-04-30 11:10:14', '', '2019-04-30 11:10:14', '', '');

-- ----------------------------
-- Table structure for mem_member
-- ----------------------------
DROP TABLE IF EXISTS `mem_member`;
CREATE TABLE `mem_member` (
  `ID` varchar(32) NOT NULL,
  `NAME` varchar(32) DEFAULT NULL,
  `IS_EXPIRED` tinyint(4) DEFAULT '0',
  `IS_LOCKED` tinyint(4) DEFAULT '0',
  `IS_ENABLED` tinyint(4) DEFAULT '1',
  `TYPE` int(11) DEFAULT NULL,
  `STATUS` int(11) DEFAULT NULL,
  `CREATE_BY` varchar(32) DEFAULT NULL,
  `CREATE_TIME` datetime DEFAULT CURRENT_TIMESTAMP,
  `UPDATE_BY` varchar(32) DEFAULT NULL,
  `UPDATE_TIME` datetime DEFAULT CURRENT_TIMESTAMP,
  `EN_NAME` varchar(32) DEFAULT NULL,
  `NICK_NAME` varchar(32) DEFAULT NULL COMMENT '昵称',
  `WECHAT` varchar(32) DEFAULT NULL,
  `MOBILE` varchar(16) DEFAULT NULL COMMENT '电话',
  `SEX` tinyint(4) DEFAULT NULL COMMENT '性别',
  `EMAIL` varchar(64) DEFAULT NULL,
  `OPEN_ID` varchar(512) DEFAULT NULL,
  `UNION_ID` varchar(512) DEFAULT NULL,
  `LOGIN_NAME` varchar(32) DEFAULT NULL COMMENT '登录名',
  `ID_CARD` varchar(24) DEFAULT NULL COMMENT '身份证',
  PRIMARY KEY (`ID`)
) ENGINE=InnoDB DEFAULT CHARSET=utf8;

-- ----------------------------
-- Records of mem_member
-- ----------------------------
INSERT INTO `mem_member` VALUES ('1', '1', '0', '0', '1', null, null, '', '2019-04-30 11:09:55', '', '2019-04-30 11:09:55', '', '', '', '', null, '', '', '', '', '');
INSERT INTO `mem_member` VALUES ('2', '2', '0', '0', '1', null, null, null, '2019-05-21 01:17:32', null, '2019-05-21 01:17:32', null, null, null, null, null, null, null, null, null, null);

-- ----------------------------
-- Table structure for mem_member_position
-- ----------------------------
DROP TABLE IF EXISTS `mem_member_position`;
CREATE TABLE `mem_member_position` (
  `ID` varchar(32) NOT NULL,
  `MEMBER_ID` varchar(32) DEFAULT NULL,
  `POSTION_ID` varchar(32) DEFAULT NULL,
  PRIMARY KEY (`ID`),
  KEY `FK_MEM_MEMBER_POSITION_TO_MEMBER` (`MEMBER_ID`),
  KEY `FK_MEM_MEMBER_POSITION_TO_POSTION` (`POSTION_ID`)
) ENGINE=InnoDB DEFAULT CHARSET=utf8;

-- ----------------------------
-- Records of mem_member_position
-- ----------------------------
INSERT INTO `mem_member_position` VALUES ('1', '1', '1');
INSERT INTO `mem_member_position` VALUES ('5', '2', '1');
INSERT INTO `mem_member_position` VALUES ('2', '1', '2');
INSERT INTO `mem_member_position` VALUES ('3', '1', '3');
INSERT INTO `mem_member_position` VALUES ('4', '1', '4');

-- ----------------------------
-- Table structure for mem_postion
-- ----------------------------
DROP TABLE IF EXISTS `mem_postion`;
CREATE TABLE `mem_postion` (
  `ID` varchar(32) NOT NULL,
  `NAME` varchar(32) DEFAULT NULL,
  `IS_EXPIRED` tinyint(4) DEFAULT '0',
  `IS_LOCKED` tinyint(4) DEFAULT '0',
  `IS_ENABLED` tinyint(4) DEFAULT '1',
  `TYPE` int(11) DEFAULT NULL,
  `STATUS` int(11) DEFAULT NULL,
  `CREATE_BY` varchar(32) DEFAULT NULL,
  `CREATE_TIME` datetime DEFAULT CURRENT_TIMESTAMP,
  `UPDATE_BY` varchar(32) DEFAULT NULL,
  `UPDATE_TIME` datetime DEFAULT CURRENT_TIMESTAMP,
  `EN_NAME` varchar(32) DEFAULT NULL,
  `CODE` varchar(32) DEFAULT NULL COMMENT '代码',
  `DEPT_ID` varchar(32) DEFAULT NULL,
  PRIMARY KEY (`ID`),
  KEY `FK_MEM_POSTION_TO_MEM_DEPARTMENT` (`DEPT_ID`),
  CONSTRAINT `FK_MEM_POSTION_TO_MEM_DEPARTMENT` FOREIGN KEY (`DEPT_ID`) REFERENCES `mem_department` (`ID`)
) ENGINE=InnoDB DEFAULT CHARSET=utf8;

-- ----------------------------
-- Records of mem_postion
-- ----------------------------
INSERT INTO `mem_postion` VALUES ('1', '1', '0', '0', '1', null, null, '', '2019-04-30 11:10:02', '', '2019-04-30 11:10:02', '', '', '1');
INSERT INTO `mem_postion` VALUES ('2', '2', '0', '0', '1', null, null, null, '2019-05-20 03:26:47', null, '2019-05-20 03:26:47', null, null, null);
INSERT INTO `mem_postion` VALUES ('3', '3', '0', '0', '1', null, null, null, '2019-05-20 03:26:52', null, '2019-05-20 03:26:52', null, null, null);
INSERT INTO `mem_postion` VALUES ('4', '4', '0', '0', '1', null, null, null, '2019-05-20 03:26:58', null, '2019-05-20 03:26:58', null, null, null);

-- ----------------------------
-- Table structure for sys_login_log
-- ----------------------------
DROP TABLE IF EXISTS `sys_login_log`;
CREATE TABLE `sys_login_log` (
  `ID` varchar(32) NOT NULL,
  `NAME` varchar(32) DEFAULT NULL,
  `CREATE_BY` varchar(32) DEFAULT NULL,
  `CREATE_TIME` datetime DEFAULT CURRENT_TIMESTAMP,
  `UPDATE_BY` varchar(32) DEFAULT NULL,
  `UPDATE_TIME` datetime DEFAULT CURRENT_TIMESTAMP,
  `LOGIN_TIMES` int(32) DEFAULT NULL,
  `USER_ID` varchar(32) DEFAULT NULL,
  PRIMARY KEY (`ID`),
  KEY `FK_SYS_LOGIN_LOG_TO_USER` (`USER_ID`),
  CONSTRAINT `FK_SYS_LOGIN_LOG_TO_USER` FOREIGN KEY (`USER_ID`) REFERENCES `sys_user` (`ID`)
) ENGINE=InnoDB DEFAULT CHARSET=utf8;

-- ----------------------------
-- Records of sys_login_log
-- ----------------------------

-- ----------------------------
-- Table structure for sys_menu
-- ----------------------------
DROP TABLE IF EXISTS `sys_menu`;
CREATE TABLE `sys_menu` (
  `ID` varchar(32) NOT NULL,
  `NAME` varchar(32) DEFAULT NULL,
  `IS_EXPIRED` tinyint(4) DEFAULT '0',
  `IS_LOCKED` tinyint(4) DEFAULT '0',
  `IS_ENABLED` tinyint(4) DEFAULT '1',
  `TYPE` int(11) DEFAULT NULL,
  `STATUS` int(11) DEFAULT NULL,
  `CREATE_BY` varchar(32) DEFAULT NULL,
  `CREATE_TIME` datetime DEFAULT CURRENT_TIMESTAMP,
  `UPDATE_BY` varchar(32) DEFAULT NULL,
  `UPDATE_TIME` datetime DEFAULT CURRENT_TIMESTAMP,
  `EN_NAME` varchar(32) DEFAULT NULL,
  `PARENT_ID` varchar(32) DEFAULT '0' COMMENT '父类ID',
  `CODE` varchar(32) DEFAULT '0',
  PRIMARY KEY (`ID`),
  KEY `FK_SYS_MENU_TO_SYS_MENU` (`PARENT_ID`)
) ENGINE=InnoDB DEFAULT CHARSET=utf8;

-- ----------------------------
-- Records of sys_menu
-- ----------------------------

-- ----------------------------
-- Table structure for sys_ope_log
-- ----------------------------
DROP TABLE IF EXISTS `sys_ope_log`;
CREATE TABLE `sys_ope_log` (
  `ID` varchar(32) NOT NULL,
  `NAME` varchar(32) DEFAULT NULL,
  `TYPE` int(11) DEFAULT NULL,
  `PARAMETERS` varchar(1024) DEFAULT NULL,
  `STATUS` int(11) DEFAULT NULL,
  `CREATE_BY` varchar(32) DEFAULT NULL,
  `CREATE_TIME` datetime DEFAULT CURRENT_TIMESTAMP,
  `UPDATE_BY` varchar(32) DEFAULT NULL,
  `UPDATE_TIME` datetime DEFAULT CURRENT_TIMESTAMP,
  `EN_NAME` varchar(32) DEFAULT NULL,
  `USER_ID` varchar(32) DEFAULT NULL,
  PRIMARY KEY (`ID`),
  KEY `FK_SYS_OPE_TO_SYS_USER` (`USER_ID`)
) ENGINE=InnoDB DEFAULT CHARSET=utf8;

-- ----------------------------
-- Records of sys_ope_log
-- ----------------------------

-- ----------------------------
-- Table structure for sys_permission
-- ----------------------------
DROP TABLE IF EXISTS `sys_permission`;
CREATE TABLE `sys_permission` (
  `ID` varchar(32) NOT NULL,
  `NAME` varchar(32) DEFAULT NULL,
  `IS_EXPIRED` tinyint(4) DEFAULT '0',
  `IS_LOCKED` tinyint(4) DEFAULT '0',
  `IS_ENABLED` tinyint(4) DEFAULT '1',
  `TYPE` int(11) DEFAULT NULL,
  `STATUS` int(11) DEFAULT NULL,
  `CREATE_BY` varchar(32) DEFAULT NULL,
  `CREATE_TIME` datetime DEFAULT CURRENT_TIMESTAMP,
  `UPDATE_BY` varchar(32) DEFAULT NULL,
  `UPDATE_TIME` datetime DEFAULT CURRENT_TIMESTAMP,
  `EN_NAME` varchar(32) DEFAULT NULL,
  `PARENT_ID` varchar(32) DEFAULT NULL COMMENT '父类ID',
  `CODE` varchar(255) DEFAULT NULL COMMENT '权限表达式',
  PRIMARY KEY (`ID`)
) ENGINE=InnoDB DEFAULT CHARSET=utf8;

-- ----------------------------
-- Records of sys_permission
-- ----------------------------
INSERT INTO `sys_permission` VALUES ('1', '1', '0', '0', '1', null, null, null, '2019-05-20 02:46:38', null, '2019-05-20 02:46:38', '1', null, '*');

-- ----------------------------
-- Table structure for sys_permission_menu
-- ----------------------------
DROP TABLE IF EXISTS `sys_permission_menu`;
CREATE TABLE `sys_permission_menu` (
  `ID` varchar(32) NOT NULL,
  `MENU_ID` varchar(32) DEFAULT NULL,
  `PERMISSION_ID` varchar(32) DEFAULT NULL,
  PRIMARY KEY (`ID`),
  KEY `FK_SYS_PERMISSION_MENU_TO_PERMISSION` (`PERMISSION_ID`),
  KEY `FK_SYS_PERMISSION_MENU_TO_MENU` (`MENU_ID`)
) ENGINE=InnoDB DEFAULT CHARSET=utf8;

-- ----------------------------
-- Records of sys_permission_menu
-- ----------------------------
INSERT INTO `sys_permission_menu` VALUES ('1', '1', '1');

-- ----------------------------
-- Table structure for sys_role
-- ----------------------------
DROP TABLE IF EXISTS `sys_role`;
CREATE TABLE `sys_role` (
  `ID` varchar(32) NOT NULL,
  `NAME` varchar(32) DEFAULT NULL,
  `IS_EXPIRED` tinyint(4) DEFAULT '0',
  `IS_LOCKED` tinyint(4) DEFAULT '0',
  `IS_ENABLED` tinyint(4) DEFAULT '1',
  `TYPE` int(11) DEFAULT NULL,
  `STATUS` int(11) DEFAULT NULL,
  `CREATE_BY` varchar(32) DEFAULT NULL,
  `CREATE_TIME` datetime DEFAULT CURRENT_TIMESTAMP,
  `UPDATE_BY` varchar(32) DEFAULT NULL,
  `UPDATE_TIME` datetime DEFAULT CURRENT_TIMESTAMP,
  `EN_NAME` varchar(32) DEFAULT NULL,
  PRIMARY KEY (`ID`)
) ENGINE=InnoDB DEFAULT CHARSET=utf8;

-- ----------------------------
-- Records of sys_role
-- ----------------------------
INSERT INTO `sys_role` VALUES ('1', '1', '0', '0', '1', null, null, null, '2019-05-20 02:46:05', null, '2019-05-20 02:46:05', null);

-- ----------------------------
-- Table structure for sys_role_permission
-- ----------------------------
DROP TABLE IF EXISTS `sys_role_permission`;
CREATE TABLE `sys_role_permission` (
  `ID` varchar(32) NOT NULL,
  `PERMISSION_ID` varchar(32) NOT NULL,
  `ROLE_ID` varchar(32) NOT NULL,
  PRIMARY KEY (`ID`),
  KEY `SYS_ROLE_PERMISSION_TO_PERMISSION` (`PERMISSION_ID`) USING BTREE,
  KEY `SYS_ROLE_PERMISSION_TO_ROLE` (`ROLE_ID`) USING BTREE
) ENGINE=InnoDB DEFAULT CHARSET=utf8;

-- ----------------------------
-- Records of sys_role_permission
-- ----------------------------
INSERT INTO `sys_role_permission` VALUES ('1', '1', '1');

-- ----------------------------
-- Table structure for sys_user
-- ----------------------------
DROP TABLE IF EXISTS `sys_user`;
CREATE TABLE `sys_user` (
  `ID` varchar(32) NOT NULL,
  `LOGIN_NAME` varchar(32) DEFAULT NULL,
  `PASSWORD` varchar(128) DEFAULT NULL,
  `REAL_NAME` varchar(32) DEFAULT NULL,
  `IS_EXPIRED` tinyint(4) DEFAULT '0',
  `IS_LOCKED` tinyint(4) DEFAULT '0',
  `IS_ENABLED` tinyint(4) DEFAULT '1',
  `TYPE` int(11) DEFAULT NULL,
  `STATUS` int(11) DEFAULT NULL,
  `CREATE_BY` varchar(32) DEFAULT NULL,
  `CREATE_TIME` datetime DEFAULT CURRENT_TIMESTAMP,
  `UPDATE_BY` varchar(32) DEFAULT NULL,
  `UPDATE_TIME` datetime DEFAULT CURRENT_TIMESTAMP ON UPDATE CURRENT_TIMESTAMP,
  `EN_NAME` varchar(32) DEFAULT NULL,
  `EMAIL` varchar(64) DEFAULT NULL,
  `SEX` tinyint(1) DEFAULT NULL,
  `MOBILE` varchar(15) DEFAULT NULL,
  `SORT` bigint(20) NOT NULL AUTO_INCREMENT,
  PRIMARY KEY (`ID`),
  KEY `SYS_USER_LOGIN_NAME_INDEX` (`LOGIN_NAME`) USING BTREE,
  KEY `SYS_USER_EMAIL_INDEX` (`EMAIL`) USING BTREE,
  KEY `SYS_USER_MOBILE_INDEX` (`MOBILE`) USING BTREE,
  KEY `SYS_USER_SORT_INDEX` (`SORT`) USING BTREE
) ENGINE=InnoDB AUTO_INCREMENT=25 DEFAULT CHARSET=utf8;

-- ----------------------------
-- Records of sys_user
-- ----------------------------
INSERT INTO `sys_user` VALUES ('1', '1', '$2a$10$jre6mb1sNNUqUGbZTiUMUe9aBz774m777nWcABBEj0feARudyIUuu', '', '0', '0', '1', null, null, '', '2019-05-20 02:45:51', '', '2019-05-20 07:10:02', '', '', null, '', '24');

-- ----------------------------
-- Table structure for sys_user_role
-- ----------------------------
DROP TABLE IF EXISTS `sys_user_role`;
CREATE TABLE `sys_user_role` (
  `ID` varchar(32) NOT NULL,
  `USER_ID` varchar(32) DEFAULT NULL,
  `ROLE_ID` varchar(32) DEFAULT NULL,
  PRIMARY KEY (`ID`),
  KEY `FK_SYS_USER_ROLE_TO_USER` (`USER_ID`),
  KEY `FK_SYS_USER_ROLE_TO_ROLE` (`ROLE_ID`) USING BTREE
) ENGINE=InnoDB DEFAULT CHARSET=utf8;

-- ----------------------------
-- Records of sys_user_role
-- ----------------------------
INSERT INTO `sys_user_role` VALUES ('1', '1', '1');
INSERT INTO `sys_user_role` VALUES ('2', '2', '1');
INSERT INTO `sys_user_role` VALUES ('3', '3', '1');

-- ----------------------------
-- View structure for mem_department
-- ----------------------------
DROP VIEW IF EXISTS `mem_department`;
